Date,open,high,low,close,volume
8/8/14,45.9,46.39,45.85,46.33,4992300
8/7/14,46.45,46.5,45.6,45.67,6689400
8/6/14,45.88,46.44,45.78,46.17,4940900
8/5/14,46.46,46.46,45.92,45.99,7867500
8/4/14,46.2,46.51,46.05,46.39,5327100
8/1/14,46.27,46.63,46.12,46.24,7316800
7/31/14,46.84,46.94,46.02,46.25,8564900
7/30/14,47,47.38,46.76,47.23,5408200
7/29/14,47.19,47.48,46.77,46.77,6139700
7/28/14,46.85,47.44,46.38,47.35,11324800
7/25/14,47.73,47.73,46.77,46.82,9472100
7/24/14,48.5,48.61,47.78,47.86,9868300
7/23/14,49.22,49.24,48.15,48.2,12255400
7/22/14,49,49.24,48.44,49.12,8210500
7/21/14,48.08,49.34,48.08,49.17,7681800
7/18/14,48.42,48.97,48.17,48.82,5178800
7/17/14,48.53,48.93,48.06,48.15,5321300
7/16/14,49,49.2,48.81,49.05,4894500
7/15/14,48.98,49.12,48.42,48.66,5461600
7/14/14,49.44,49.53,48.86,48.92,5171500
7/11/14,48.83,49.29,48.83,49.29,4231400
7/10/14,48.76,49.09,48.28,49,4907400
7/9/14,49.06,49.41,48.83,49.28,4378200
7/8/14,48.52,49.04,48.52,48.85,4789800
7/7/14,48.73,49.09,48.73,48.92,2912700
7/3/14,48.58,48.98,48.5,48.95,1689500
7/2/14,48.33,48.67,48.33,48.51,2825500
7/1/14,48.03,48.73,47.93,48.49,4714500
6/30/14,47.67,47.95,47.48,47.79,3109800
6/27/14,47.72,47.78,47.37,47.76,4105900
6/26/14,48.04,48.05,47.38,47.79,3533000
6/25/14,46.66,48.11,46.55,48.04,3645000
6/24/14,47.89,48.2,47.64,47.71,3732800
6/23/14,47.98,48.17,47.82,48.08,3002500
6/20/14,48.06,48.22,47.56,47.94,8463900
6/19/14,48.08,48.21,47.62,47.91,5185400
6/18/14,48.28,48.3,47.63,47.87,3973100
6/17/14,47.96,48.32,47.92,48.26,3845300
6/16/14,48.05,48.29,47.8,48.13,4473200
6/13/14,48.28,48.45,47.91,48.33,4763500
6/12/14,47.89,48.24,47.83,48.14,5782600
6/11/14,47.86,48.24,47.67,48.09,3333300
6/10/14,47.78,47.98,47.65,47.97,2697000
6/9/14,47.54,47.97,47.48,47.88,4376700
6/6/14,47.69,47.77,47.38,47.5,2965800
6/5/14,45.86,47.49,45.65,47.4,4038200
6/4/14,47.19,47.19,46.77,46.85,3497700
6/3/14,46.93,47.19,46.78,46.99,3955200
6/2/14,47,47.24,46.78,46.99,3379700
5/30/14,46.84,47,46.44,46.98,4576100
5/29/14,46.57,46.66,46.39,46.66,2975300
5/28/14,46.29,46.53,45.97,46.46,3976400
5/27/14,46.38,46.79,46.24,46.35,4594900
5/23/14,46.08,46.3,45.92,46.25,3864500
5/22/14,45.74,46.26,45.62,46.14,4279700
5/21/14,45.94,45.95,45.35,45.65,3993300
5/20/14,45.42,45.83,45.38,45.71,4440100
5/19/14,45.21,45.83,45.13,45.6,4692100
5/16/14,45.12,45.22,44.75,44.99,6593500
5/15/14,45.53,45.66,44.68,44.89,8456000
5/14/14,45.83,46.28,45.46,45.61,6239800
5/13/14,46.91,47.01,46.1,46.14,8041500
5/12/14,46.13,47.15,45.98,46.95,6529000
5/9/14,46.04,46.18,45.48,45.84,5549800
5/8/14,45.59,46.6,45.37,46.11,6113600
5/7/14,45.33,45.66,45.08,45.58,4491500
5/6/14,45.63,45.86,45.32,45.38,4431200
5/5/14,45.49,45.86,45.38,45.72,3970900
5/2/14,45.57,45.97,45.25,45.78,6002400
5/1/14,45.91,46,45.15,45.23,9211400
4/30/14,45.96,46.17,45.43,45.45,9909700
4/29/14,45.82,46.22,45.63,46.12,7783900
4/28/14,46.46,46.73,45.21,45.45,13496500
4/25/14,47.99,48.16,45.94,46.34,12403800
4/24/14,47.78,49.11,47.63,48.47,13421500
4/23/14,46.55,47,46.42,46.46,5865900
4/22/14,45.88,46.71,45.54,46.59,4981400
4/21/14,46.18,46.24,45.68,46.11,3000900
4/17/14,45.35,46.06,45.08,45.83,6542500
4/16/14,45.7,45.73,44.54,45.21,8908100
4/15/14,45.38,45.99,45.04,45.81,6506100
4/14/14,45.76,45.76,44.92,45.32,5175100
4/11/14,44.77,45.74,44.73,44.98,8361500
4/10/14,47.12,47.29,45.52,45.53,8497300
4/9/14,46.95,47.36,46.56,47.24,4638900
4/8/14,46.36,46.9,46.28,46.77,6590100
4/7/14,46.29,46.9,46.02,46.25,7278000
4/4/14,47.89,48,46.23,46.34,7418800
4/3/14,47.73,47.89,47.5,47.69,2626800
4/2/14,47.58,47.97,47.47,47.62,5153900
4/1/14,47.32,49.77,47.12,47.53,6467800
3/31/14,47.06,47.44,46.86,47.16,4650500
3/28/14,46.23,47.06,46.12,46.64,4329500
3/27/14,46.45,46.62,46,46.08,4935700
3/26/14,46.98,47.25,46.23,46.39,6824900
3/25/14,46.84,46.9,46.1,46.69,6606500
3/24/14,46.8,47,46.2,46.57,6884000
3/21/14,47.43,47.65,46.49,47.15,21693300
3/20/14,45.55,46.97,45.41,46.95,7694600
3/19/14,45.51,46.01,45.27,45.52,5830900
3/18/14,45.21,45.65,45.07,45.4,4093400
3/17/14,44.54,45.52,44.41,45.27,5894500
3/14/14,44.95,45.29,44.29,44.31,10047300
3/13/14,46.5,46.78,44.92,44.99,9890400
3/12/14,45.52,46.6,45.52,46.43,9523400
3/11/14,45.99,46.24,45.3,45.67,4978200
3/10/14,45.91,46,45.53,45.87,3370300
3/7/14,45.88,46.04,45.62,45.85,3872400
3/6/14,45.31,45.75,45.21,45.68,4803100
3/5/14,44.15,45.6,44.15,45.18,5094800
3/4/14,44.83,45.41,44.82,45.26,5112200
3/3/14,44.68,44.94,44.35,44.58,4679400
2/28/14,44.88,45.19,44.58,44.96,5772900
2/27/14,44.53,44.82,44.48,44.78,4343500
2/26/14,44.5,44.94,44.49,44.63,4532100
2/25/14,44.49,44.71,44.07,44.47,5303900
2/24/14,44.22,44.83,44.2,44.45,5311800
2/21/14,44.4,44.43,44.02,44.15,5669500
2/20/14,43.85,44.26,43.8,44.2,5371100
2/19/14,43.83,44.15,43.67,43.93,5346600
2/18/14,43.75,44.07,43.24,44.01,5826100
2/14/14,43.52,43.94,43.4,43.86,4907400
2/13/14,43.05,43.75,43.05,43.74,5029100
2/12/14,43.24,43.44,43.01,43.3,5041200
2/11/14,42.76,43.29,42.31,43.13,7149900
2/10/14,41.97,42.37,41.89,42.36,4666000
2/7/14,41.56,42,41.29,41.95,6005000
2/6/14,41.19,41.44,41,41.23,4734500
2/5/14,40.63,41.13,40.33,40.97,9254300
2/4/14,41.6,41.7,40.85,40.89,10529900
2/3/14,42.42,42.5,41.38,41.5,12669400
1/31/14,41.35,42.65,41.26,42.4,12821700
1/30/14,42.61,42.93,42.43,42.69,6703000
1/29/14,42.32,42.75,42.24,42.4,8619600
1/28/14,42.58,42.93,42.3,42.9,6356100
1/27/14,42.95,43.27,42.55,42.64,7360000
1/24/14,43.79,44.03,42.88,42.95,10676700
1/23/14,44.12,44.55,43.95,44.09,8236400
1/22/14,43.7,44.82,43.55,44.61,9822000
1/21/14,43.75,43.93,43.37,43.85,7413800
1/17/14,43.2,43.85,43.01,43.45,6614200
1/16/14,43.52,43.6,43.24,43.37,4086900
1/15/14,43.45,43.65,43.1,43.54,6605400
1/14/14,42.5,43.4,42.35,43.34,6892700
1/13/14,42.96,43.1,42.12,42.24,6759100
1/10/14,43.15,43.25,42.74,43.11,5330900
1/9/14,43.28,43.39,42.9,43.06,3383800
1/8/14,42.96,43.32,42.62,43.29,6353500
1/7/14,42.98,43.11,42.64,42.7,5078900
1/6/14,43.25,43.28,42.85,42.93,4446300
1/3/14,43.12,43.46,42.97,43.29,4693300
1/2/14,43.44,43.5,42.88,43.1,6959200